epoch,train_loss,val_loss,train_accuracy,val_accuracy,epoch_time
1,1.4691149530022642,0.5342461406582534,0.6039244186046512,0.8484848484848485,38.163267612457275
2,0.5088781374831532,0.3427232167987711,0.8226744186046512,0.8653198653198653,36.35283923149109
3,0.4060237258672714,0.21721609265414954,0.8575581395348837,0.9393939393939394,36.6935088634491
4,0.24271532200103582,0.20402369045073115,0.9149709302325582,0.9292929292929293,39.66299033164978
5,0.20590026174173798,0.1119946113619338,0.9309593023255814,0.9528619528619529,35.385687828063965
6,0.15609179991622305,0.27318411061992187,0.9498546511627907,0.8855218855218855,36.56474947929382
7,0.13980266854686793,0.12245703894748455,0.9563953488372093,0.9663299663299664,38.47420072555542
8,0.13431728029147136,0.07523965690777283,0.9563953488372093,0.9730639730639731,37.10097289085388
9,0.098934733807001,0.07491568329834979,0.971656976744186,0.9797979797979798,41.53980827331543
10,0.11429217830300331,0.07838427089468297,0.9680232558139535,0.9831649831649831,35.51156187057495
11,0.08981339048139404,0.07171665210753479,0.967296511627907,0.9663299663299664,36.91348648071289
12,0.10187214472179495,0.056472181517361136,0.9643895348837209,0.9764309764309764,36.80827713012695
13,0.06851086091943258,0.0757631903084764,0.9818313953488372,0.9730639730639731,36.355881452560425
14,0.08137977240217287,0.09441134379079087,0.9738372093023255,0.9663299663299664,37.67996788024902
15,0.057136272859954554,0.14039066247093282,0.9760174418604651,0.9528619528619529,37.70555353164673
16,0.05652430152715465,0.03955596553295794,0.9840116279069767,0.9831649831649831,37.29057478904724
17,0.06006508326813779,0.02535159792084647,0.9825581395348837,0.9932659932659933,38.06532406806946
18,0.06206627297323457,0.10102288361043185,0.9811046511627907,0.9629629629629629,38.14004707336426
19,0.059273437219184585,0.0680822265686809,0.9774709302325582,0.9764309764309764,38.05594778060913
20,0.05286484401196588,0.041823145179297465,0.9840116279069767,0.9797979797979798,37.61358094215393
21,0.04771184866102737,0.042966137233165544,0.9869186046511628,0.9831649831649831,36.320515632629395
22,0.060660777093712676,0.06856265661128406,0.9825581395348837,0.9764309764309764,37.369290828704834
23,0.04961327110622944,0.06992371863041129,0.9854651162790697,0.9696969696969697,39.91736555099487
